A88;T66
A88;T68
A88;T702
A88;T703
A88;T704
A88;T708
A88;T709
A88;T71
A88;T788
A88;T789
A88;T33
A88;T34
A88;T35
A88;T67
A88;T69
A88;T73
A88;T75
A89;K914
A89;Z461
A89;Z462
A89;Z464
A89;Z465
A89;Z466
A89;Z467
A89;Z468
A89;Z469
A89;T82
A89;T83
A89;T84
A89;T85
A89;Z43
A89;Z44
A89;Z45
A89;Z93
A89;Z94
A89;Z95
A89;Z96
A89;Z97
A90;Q893
A90;Q894
A90;Q897
A90;Q899
A90;Q85
A90;Q86
A90;Q87
A90;Q90
A90;Q91
A90;Q92
A90;Q93
A90;Q95
A90;Q96
A90;Q97
A90;Q98
A90;Q99
A91;R91
A91;R92
A91;R73
A91;R74
A91;R76
A91;R77
A91;R78
A91;R79
A91;R83
A91;R84
A91;R85
A91;R86
A91;R87
A91;R89
A91;R90
A91;R93
A91;R94
A92;T780
A92;T781
A92;T782
A92;T783
A92;T784
A93;P07
D09;R11
A97;Z00
A97;Z02
A98;Z315
A98;Z01
A98;Z10
A98;Z11
A98;Z12
A98;Z13
A98;Z23
A98;Z24
A98;Z25
A98;Z26
A98;Z27
A98;Z29
A98;Z40
A98;Z70
A99;D157
A99;D159
A99;D367
A99;D369
A99;D489
A99;R69
A99;Z710
A99;Z712
A99;Z713
A99;Z714
A99;Z715
A99;Z716
A99;Z717
A99;Z718
A99;Z719
A99;Z760
A99;Z761
A99;Z762
A99;Z763
A99;Z764
A99;Z768
A99;Z769
A99;Z900
A99;Z908
A99;Z988
A99;Z03
A99;Z04
A99;Z08
A99;Z09
A99;Z22
A99;Z41
A99;Z42
A99;Z47
A99;Z48
A99;Z49
A99;Z50
A99;Z51
A99;Z52
A99;Z53
A99;Z54
B02;R59
B04;R688
B25;Z711
B26;Z711
B27;Z711
B28;Z736
B29;R688
B70;L04
B71;I88
B72;C81
B72;C82
B72;C83
B72;C84
B72;C85
B73;C91
B73;C92
B73;C93
B73;C94
B73;C95
B74;C37
B74;C463
B74;C77
B74;C88
B74;C90
B74;C96
B75;D150
B75;D360
B75;D45
B75;D47
B76;S360
B77;T149
B78;D56
B78;D57
B78;D58
B79;D610
B79;D640
B79;D644
B79;Q890
B79;Q898
B80;D50
B81;D51
B81;D52
D74;C16
D75;C19
D75;C20
D75;C18
D75;C21
D76;C25
D77;C01
D77;C07
D77;C148
D77;C23
D77;C451
D77;C457
D77;C462
D77;C00
D77;C02
D77;C03
D77;C04
D77;C05
D77;C06
D77;C08
D77;C15
D77;C17
D77;C22
D77;C24
D77;C26
D77;C48
D78;D191
D78;D483
D78;D484
D78;K317
D78;K620
D78;K621
D78;K635
D78;D00
D78;D01
D78;D10
D78;D11
D78;D12
D78;D13
D78;D20
D78;D37
S15;S000
S15;S002
S15;S003
S15;S004
S15;S005
S15;S007
S15;S008
S15;S009
S15;S101
S15;S107
S15;S108
S15;S109
S15;S201
S15;S203
S15;S204
S15;S207
S15;S208
S15;S307
S15;S308
S15;S309
S15;S407
S15;S408
S15;S507
S15;S508
S15;S607
S15;S608
S15;S707
S15;S708
S15;S807
S15;S808
S15;S907
S15;S908
S15;T090
S15;T110
S15;T130
S15;T140
S15;T141
D79;T18
D80;S005
D80;S015
D80;S025
D80;S032
D80;S099
D80;S100
D80;S361
D80;S362
D80;S363
D80;S364
D80;S365
D80;S366
D80;S368
D80;S369
D80;T280
D80;T281
D80;T282
D80;T285
D80;T286
D80;T287
D81;Q18
D81;Q35
D81;Q36
D81;Q37
D81;Q38
D81;Q39
D81;Q40
D81;Q41
D81;Q42
D81;Q43
D81;Q44
D81;Q45
D82;K000
D82;K001
D82;K002
D82;K003
D82;K004
D82;K005
D82;K006
D82;K008
D82;K009
D82;K01
D82;K02
D82;K03
D82;K04
D82;K05
D82;K06
D82;K07
D82;K08
D82;K09
D82;K10
D83;A690
D83;A691
D83;B370
A80;S383
A80;S390
A80;S398
A80;S399
A80;T114
A80;T134
A80;T145
A80;T147
A80;T148
A80;T149
A80;T284
A80;T289
A80;S11
A80;S15
A80;S21
A80;S25
A80;S26
A80;S35
A80;S45
A80;S55
A80;S65
A80;S75
A80;S85
A80;S95
A81;S178
A81;S179
A81;S18
A81;S197
A81;S198
A81;S199
A81;S317
A81;S367
A81;S377
A81;S378
A81;S390
A81;S396
A81;S397
A81;S398
A81;S399
A81;T065
A81;T068
A81;T07
A81;S28
A81;S29
A81;T00
A81;T01
A81;T02
A81;T03
A81;T04
A81;T05
A81;T29
A82;T790
A82;T791
A82;T792
A82;T794
A82;T795
A82;T797
A82;T798
A82;T799
A82;T96
A82;T97
A82;T90
A82;T91
A82;T92
A82;T93
A82;T94
A82;T95
A82;T98
A84;T36
A84;T37
A84;T38
A84;T39
A84;T40
A84;T41
A84;T42
A84;T43
A84;T44
A84;T45
A84;T46
A84;T47
A84;T48
A84;T49
A84;T50
A85;D611
A85;D642
A85;G444
A85;I952
A85;L270
A85;L271
A85;T886
A85;T887
A86;D612
A86;D642
A86;T55
A86;T58
A86;T64
A86;T51
A86;T52
A86;T53
A86;T54
A86;T56
A86;T57
A86;T59
A86;T60
A86;T61
A86;T62
A86;T63
A86;T65
A87;K910
A87;K913
A87;O860
A87;O900
A87;O901
A87;O902
A87;T880
A87;T881
A87;T882
A87;T883
A87;T884
A87;T885
A87;T888
A87;T889
A87;E89
A87;G97
A87;H59
A87;H95
A87;I97
A87;J95
A87;M96
A87;N99
A87;O29
A87;O74
A87;O89
A87;T80
A87;T81
A87;T86
A87;T87
K83;I34
K83;I35
K83;I36
K83;I37
K84;I420
K84;I421
K84;I422
K84;I423
K84;I425
K84;I426
K84;I427
K84;I428
K84;I429
K84;O903
K84;I31
K84;I43
K84;I44
K84;I45
K84;I46
K84;I51
K84;I52
K85;R030
K86;I10
K87;I674
K87;I11
K87;I12
K87;I13
K87;I15
K88;I950
K88;I951
K88;I958
K88;I959
K89;G45
K90;I64
K90;G46
K90;I60
K90;I61
K90;I62
K90;I63
K91;I670
K91;I671
K91;I672
K91;I673
K91;I675
K91;I676
K91;I677
K91;I678
K91;I679
K91;I65
K91;I66
K91;I68
K91;I69
K92;R02
K92;I70
K92;I73
K92;I74
K93;I26
K94;I81
K94;I870
K94;I878
K94;I80
K94;I82
K95;I831
K95;I839
K95;I872
K96;I84
K99;I780
K99;I788
K99;I789
K99;I871
K99;I879
K99;I890
K99;I99
K99;T063
K99;I71
K99;I72
K99;I77
K99;I79
K99;I85
K99;I86
K99;I98
K99;M30
K99;M31
K99;R57
L01;M540
L01;M542
L02;M540
L02;M546
L02;M548
L02;M549
L03;M533
L03;M540
L03;M545
L04;R073
L04;R298
L05;R298
L07;K076
L07;K108
L07;R252
L07;R298
L08;M254
L08;M255
L08;M256
L09;M796
L09;R252
L09;R298
L10;M254
L10;M255
L10;M256
L11;M254
L11;M255
L11;M256
L12;M254
L12;M255
L12;M256
L12;M796
L12;R252
L12;R298
L13;M254
L13;M255
L13;M256
L13;R294
L14;M796
L14;R252
L14;R298
L15;M254
L15;M255
L15;M256
L18;M601
L18;M602
L18;M608
L18;M609
L18;M790
L18;M791
L18;M793
L18;M796
L18;R252
L19;M625
L19;M626
L19;M799
L20;M254
L20;M255
L20;M256
L20;M258
L20;M259
L26;Z711
L27;Z711
L28;Z736
L29;R268
L29;R293
L29;R298
N03;G501
N03;R51
N04;G258
N05;R202
N06;R200
N06;R201
N06;R203
N06;R208
N07;R56
N08;G250
N08;G251
N08;G252
N08;G253
N08;G254
N08;G255
N08;G256
N08;G258
N08;G259
N08;R250
N08;R251
N08;R253
N08;R258
N08;R290
N16;R43
N17;R42
N18;G98
N18;G81
N18;G82
N18;G83
N19;R47
N26;Z711
N27;Z711
N28;Z736
N29;M792
N29;R260
N29;R261
N29;R262
N29;R268
N29;R290
N29;R291
N29;R292
N29;R298
N29;R27
N70;A850
N70;B91
N70;A80
N71;A321
N71;A390
N71;A851
N71;A852
N71;A858
N71;A86
N71;B003
N71;B004
N71;B375
N71;B582
N71;B941
N71;G01
N71;A83
N71;A84
N71;A87
N71;G00
N71;G02
N71;G03
N71;G04
N71;G05
N72;A33
N72;A34
N72;A35
N73;A888
N73;A89
N73;G07
N73;G08
N73;G09
N73;A81
N73;G06
N74;C47
N74;C70
N74;C71
N74;C72
N76;D482
N76;D42
N76;D43
N79;S060
N80;S020
N80;S021
N80;S028
N80;S029
N80;S061
N80;S062
N80;S063
N80;S064
N80;S065
N80;S066
N80;S067
N80;S068
N80;S069
N80;S070
N80;S071
N80;S078
N80;S079
N80;S080
N80;S088
N80;S089
N80;S090
N80;S097
N80;S098
N80;S099
N81;S099
N81;T060
N81;T061
N81;T062
N81;T093
N81;T094
N81;T113
N81;T133
N81;T144
N81;S04
N81;S14
N81;S24
N81;S34
N81;S44
N81;S54
N81;S64
N81;S74
N81;S84
N81;S94
N85;Q02
N85;Q00
N85;Q01
N85;Q03
N85;Q04
N85;Q05
N85;Q06
N85;Q07
N86;G35
N87;G20
N87;G22
N87;G21
N88;G40
N88;G41
N89;G441
N89;G43
N90;G440
N91;G51
N91;G53
N92;G500
N92;G508
N92;G509
N93;G560
N94;G561
N94;G562
N94;G563
N94;G564
N94;G568
N94;G569
N94;G64
N94;M792
N94;G54
N94;G55
N94;G57
N94;G58
N94;G59
N94;G60
N94;G61
N94;G62
N94;G63
N95;G442
N99;E512
N99;G10
N99;G26
N99;G310
N99;G311
N99;G318
N99;G319
N99;G92
N99;G930
N99;G931
N99;G932
N99;G934
N99;G935
N99;G936
N99;G937
N99;G938
N99;G939
N99;G98
N99;M792
N99;Z982
N99;G11
N99;G12
N99;G13
N99;G23
N99;G24
N99;G32
N99;G36
N99;G37
N99;G52
N99;G70
N99;G71
N99;G72
N99;G73
N99;G80
N99;G90
N99;G91
N99;G94
N99;G95
N99;G96
N99;G99
P01;R450
P02;F430
P02;F432
P02;F438
P02;F439
P03;R452
P03;R453
P04;R451
P04;R454
P04;R455
P04;R456
P05;R54
P06;F51
P06;G47
P07;F520
R25;R093
P08;F521
P08;F522
P08;F523
P08;F524
P08;F525
P08;F526
P08;F527
P08;F528
P08;F529
P09;F64
P09;F65
P09;F66
P10;F984
P10;F985
P10;F986
P10;F95
P11;F982
P11;F983
P12;F980
P13;F981
P15;F101
P15;F102
P15;F103
P15;F104
P15;F105
P15;F106
P15;F107
P15;F108
P15;F109
P15;G312
P16;F100
D95;K60
D95;K61
D96;B72
D96;B73
D96;B75
D96;B79
D96;B80
D96;B65
D96;B66
D96;B67
D96;B68
D96;B69
D96;B70
D96;B71
D96;B74
D96;B76
D96;B77
D96;B78
D96;B81
D96;B82
D96;B83
D97;B581
D97;B942
D97;K70
D97;K71
D97;K72
D97;K73
D97;K74
D97;K75
D97;K76
D97;K77
D98;K870
D98;K80
D98;K81
D98;K82
D98;K83
H85;H833
H99;H610
H99;H611
H99;H613
H99;H618
H99;H619
H99;H738
H99;H739
H99;H838
H99;H839
H99;H930
H99;H933
H99;H938
H99;H939
H99;H74
H99;H94
K01;R072
K02;R072
K03;R098
K04;R000
K04;R001
K04;R002
K05;R008
K06;I781
K06;I878
K07;R60
K22;Z823
K22;Z824
K22;Z867
K24;Z711
K25;Z711
K27;Z711
K28;Z736
K29;R031
K29;R098
K70;A395
K70;B332
K70;B376
K70;I38
K70;I30
K70;I32
K70;I33
K70;I39
K70;I40
K70;I41
K71;I00
K71;I01
K71;I02
K71;I05
K71;I06
K71;I07
K71;I08
K71;I09
K72;C380
K72;C452
K72;D151
K72;D152
K72;D487
K73;I424
K73;Q20
K73;Q21
K73;Q22
K73;Q23
K73;Q24
K73;Q25
K73;Q26
K73;Q27
K73;Q28
K74;I240
K74;I248
K74;I249
K74;I20
K75;I241
K75;I21
K75;I22
K75;I23
K76;I25
K77;I50
K78;I48
K79;I47
K80;I49
K81;R098
K81;R01
K82;I27
K82;I28
L16;M254
L16;M255
L16;M256
L17;M254
L17;M255
L17;M256
L17;M774
L17;M796
L17;R252
L17;R298
R90;J348
R90;J35
R92;D380
R92;D381
R92;D382
R92;D383
R92;D384
R92;D385
R92;D386
R92;D02
R95;J43
R95;J44
R96;J46
R96;J45
R97;J30
R98;R064
R99;J341
R99;J342
R99;J343
R99;J348
R99;J47
R99;J60
R99;J61
R99;J64
R99;J65
R99;J80
R99;J81
R99;J82
R99;Z902
R99;J33
R99;J38
R99;J39
R99;J62
R99;J63
R99;J66
R99;J67
R99;J68
R99;J69
R99;J70
R99;J84
R99;J92
R99;J93
R99;J96
R99;J98
R99;J99
S01;R208
S02;L298
S02;L299
S03;B07
S04;R220
S04;R221
S04;R222
S04;R223
S04;R224
S04;R229
S04;R238
S05;R227
S05;R238
S06;L539
S06;R21
S07;L539
S07;R21
S08;L810
S08;L811
S08;L812
S08;L813
S08;R230
S08;R231
S08;R232
S08;R238
S09;L030
S10;L02
S11;T793
S16;S000
S16;S008
S16;S009
S16;S100
S16;S108
S16;S109
S16;S200
S16;S202
S16;S300
S16;S301
S16;S400
S16;S500
S16;S501
S16;S600
S16;S601
S16;S602
S16;S700
S16;S701
S16;S800
S16;S801
S16;S900
S16;S901
S16;S902
S16;S903
S16;T090
S16;T110
S16;T130
S16;T140
S17;S000
S17;S007
S17;S008
S17;S009
S17;S101
S17;S107
S17;S108
S17;S109
S17;S201
S17;S203
S17;S204
S17;S207
S17;S208
S17;S307
S17;S308
S17;S309
S17;S407
S17;S408
S17;S507
S17;S508
S17;S607
S17;S608
S17;S707
S17;S708
S17;S807
S17;S808
S17;S907
S17;S908
S17;T090
S17;T110
S17;T130
S17;T140
S18;S010
S18;S012
S18;S014
S18;S017
S18;S018
S18;S019
S18;S310
S18;S311
S18;S318
U80;T191
U80;T283
U80;T288
U85;Q60
U85;Q61
U85;Q62
U85;Q63
U85;Q64
U88;N150
U88;N158
U88;N00
U88;N01
U88;N03
U88;N04
U88;N05
U88;N07
U88;N08
U88;N14
U88;N16
U90;N392
U95;N20
U95;N21
U95;N22
U98;N391
U98;R80
U98;R81
U98;R82
U99;N19
U99;N26
U99;N398
U99;N399
U99;R392
U99;T198
U99;T199
U99;Z905
U99;Z906
U99;N06
U99;N13
U99;N17
U99;N18
U99;N25
U99;N27
U99;N28
U99;N29
U99;N31
U99;N32
U99;N33
U99;N35
U99;N36
U99;N37
W01;Z320
W02;Z711
W03;O20
W03;O46
W05;O21
W10;Z303
W11;Z304
W12;Z301
W12;Z305
W13;Z302
W14;Z300
W14;Z308
W14;Z309
P17;F17
P18;F55
P18;F13
P18;F19
P19;F11
P19;F12
P19;F13
P19;F14
P19;F15
P19;F16
P19;F18
P19;F19
P20;R41
P22;F988
P22;F989
P22;R620
P22;F91
P22;F92
P22;F93
P22;F94
P23;F988
P23;F989
P23;F91
P23;F92
P23;F94
P24;F82
P24;F83
P24;F80
P24;F81
P24;R48
P25;Z600
P27;Z711
S12;S000
S12;S002
S12;S003
S12;S004
S12;S005
S12;S007
S12;S008
S12;S009
S12;S101
S12;S107
S12;S108
S12;S109
S12;S201
S12;S203
S12;S204
S12;S207
S12;S208
S12;S307
S12;S308
S12;S309
S12;S407
S12;S408
S12;S507
S12;S508
S12;S607
S12;S608
S12;S707
S12;S708
S12;S807
S12;S808
S12;S907
S12;S908
S12;T090
S12;T110
S12;T130
S12;T140
P28;Z736
P29;F508
P29;F509
P29;F633
P29;F988
P29;F989
P29;R457
P29;R458
P29;R460
P29;R461
P29;R462
P29;R463
P29;R464
P29;R465
P29;R466
P29;R467
P29;R468
P29;Z642
P29;Z643
P29;Z730
P29;Z731
P29;Z733
P29;R44
P70;F03
P70;F00
P70;F01
P70;F02
P70;G30
P71;F04
P71;F09
P71;F05
P71;F06
P71;F07
P72;F21
P72;F24
P72;F28
P72;F20
P72;F22
P72;F25
P73;F340
P73;F30
P73;F31
P74;F410
P74;F411
P74;F413
P74;F418
P74;F419
P75;F450
P75;F451
P75;F452
P75;F44
P76;F341
P76;F348
P76;F349
P76;F39
P76;F412
P76;F530
P76;F32
P76;F33
P76;F38
P77;Z915
P78;F480
P79;F40
P79;F42
P80;F61
P80;F630
P80;F631
P80;F632
P80;F638
P80;F639
P80;F69
P80;F60
P80;F62
P80;F68
P81;F90
P82;F431
P85;F70
P85;F71
P85;F72
P85;F73
P85;F78
P85;F79
P86;F500
P86;F501
P86;F502
P86;F503
P86;F504
P98;F29
P98;F531
P98;F23
P99;F481
P99;F488
P99;F489
P99;F538
P99;F539
P99;F54
P99;F59
P99;F88
P99;F89
P99;F99
P99;F84
S13;T141
S14;T20
S14;T21
S14;T22
S14;T23
S14;T24
S14;T25
S14;T30
S14;T31
S14;T32
R01;R071
R02;R060
R03;R062
R04;R061
R04;R063
R04;R065
R04;R068
R05;R05
R06;R040
R07;J348
R07;R067
R08;J348
R09;J348
R21;R070
R21;R098
R26;Z711
R27;Z711
R28;Z736
R28;Z991
R29;R041
R29;R048
R29;R049
R29;R066
R29;R090
R29;R092
R29;R098
R71;A37
R72;J020
R72;J030
R73;J340
R74;B002
R74;B085
R74;J00
R74;J028
R74;J029
R74;J06
R75;J01
R75;J32
W71;O862
W71;O864
W71;O868
W71;O23
W71;O98
W72;C58
W73;O01
W75;T149
W76;O998
W78;Z321
W78;Z33
W78;Z34
W78;Z36
W79;Z321
W79;Z640
W80;O00
W81;O11
W81;O13
W81;O16
W81;O10
W81;O12
W81;O14
W81;O15
W82;O02
W82;O03
W82;O05
W82;O06
W83;Z303
W83;O04
W84;O240
W84;O241
W84;O242
W84;O243
W84;O249
W84;O25
W84;O40
W84;O990
W84;O991
W84;O992
W84;O993
W84;O994
W84;O995
W84;O996
W84;O997
W84;O30
W84;O31
W84;O32
W84;O33
W84;O34
W84;O35
W84;O36
W84;O43
W84;O44
W84;Z35
W85;O244
W90;Z370
W90;Z379
W90;O80
W90;Z38
W90;Z39
W91;Z371
W91;Z379
W92;O750
W92;O751
W92;O754
W92;O755
W92;O756
W92;O757
W92;O758
W92;O759
W92;Z372
W92;Z375
W92;Z379
W92;O42
W92;O45
W92;O60
W92;O61
W92;O62
W92;O63
W92;O64
W92;O65
W92;O66
W92;O67
W92;O68
W92;O69
W92;O70
W92;O71
W92;O73
W92;O81
W92;O82
W92;O83
W92;O84
W92;Z38
W92;Z39
W93;O750
W93;O751
W93;O754
W93;O755
W93;O756
W93;O757
W93;O758
W93;O759
W93;Z371
W93;Z373
W93;Z374
W93;Z376
W93;Z377
W93;Z379
W93;O42
W93;O45
W93;O60
W93;O61
W93;O62
W93;O63
W93;O64
W93;O65
W93;O66
W93;O67
W93;O68
W93;O69
W93;O70
W93;O71
W93;O73
W93;O81
W93;O82
W93;O83
W93;O84
W94;O91
W95;O920
W95;O921
W95;O922
W95;O923
W95;O924
W96;O904
W96;O908
W96;O909
W96;O87
W99;O410
W99;O418
W99;O419
W99;O48
W99;O905
W99;O95
W99;O96
W99;O97
W99;O07
W99;O08
W99;O22
W99;O26
W99;O28
W99;O47
W99;O88
W99;O99
X01;N948
X01;R102
X02;N944
X02;N945
X02;N946
X03;N940
X04;N941
X04;N942
X05;N91
X06;N920
X06;N922
X06;N924
X07;N920
X07;N921
X07;N925
X07;N926
X08;N923
X08;N938
X08;N939
X09;N948
X09;N949
X10;Z309
X11;N951
X11;N952
X11;N953
X11;N958
X11;N959
X12;N950
X13;N930
X14;N898
X15;N898
X15;N899
X16;L292
X16;N909
X17;N948
X17;N949
X18;N644
X19;N63
X20;N640
X20;N645
X21;N61
X21;N62
X21;N643
X21;N645
X21;N648
X21;N649
X22;R468
X23;Z711
X24;Z711
X25;Z711
X26;Z711
X27;Z711
X28;Z736
X28;Z907
X29;N948
X29;N949
X29;R36
X70;A65
X70;N742
X70;A50
X70;A51
X70;A52
X70;A53
X71;N743
X71;A54
X72;B373
X72;B374
X73;A590
X74;N748
X74;N70
X74;N71
X74;N73
X75;C53
X76;C50
X77;C52
X77;C55
X77;C56
X77;C51
X77;C54
X77;C57
X78;D25
X79;D24
X80;D27
X80;D26
X80;D28
X81;D070
X81;D071
X81;D072
X81;D073
X81;D486
X81;D05
X81;D06
X81;D39
X82;S302
X82;S314
X82;S315
X82;S374
X82;S375
X82;S376
X82;S380
X82;S382
X82;S398
X82;S399
X82;T192
X82;T193
X82;T283
X82;T288
X82;Z412
X83;Q50
X83;Q51
X83;Q52
X83;Q56
X83;Q83
X84;N76
X84;N77
X85;N72
X85;N841
X85;N86
X85;N88
X86;N87
X86;R87
X87;N81
X88;N648
X88;N649
X88;N60
X89;N943
X90;A60
X91;A630
X92;A560
X92;A561
X92;A562
X92;A563
X92;A564
X92;A568
X92;N744
X99;A55
X99;A57
X99;A58
X99;A638
X99;N61
X99;N641
X99;N642
X99;N648
X99;N649
X99;N840
X99;N842
X99;N843
X99;N848
X99;N849
X99;N890
X99;N891
X99;N892
X99;N893
X99;N894
X99;N895
X99;N896
X99;N897
X99;N900
X99;N901
X99;N902
X99;N903
X99;N904
X99;N905
X99;N906
X99;N907
X99;N908
X99;N948
X99;N949
X99;N96
X99;Z901
X99;Z907
X99;N75
X99;N80
X99;N82
X99;N83
X99;N85
X99;N98
X99;N99
Y01;N488
Y02;N508
Y02;R102
Y03;R36
Y04;N488
Y04;N489
Y05;L291
Y05;N508
Y05;N509
Y06;N428
Y06;N429
Y07;N484
Y08;N483
Y08;N488
Y10;N46
Y10;Z310
Y10;Z314
Y10;Z316
Y10;Z318
Y10;Z319
Y13;Z302
Y14;Z300
Y14;Z308
Y14;Z309
Y16;N62
Y16;N63
Y16;N645
Y24;Z711
Y25;Z711
Y26;Z711
Y27;Z711
Y28;Z736
Y28;Z907
Y29;N508
Y29;N509
Y70;A65
Y70;A50
Y70;A51
Y70;A52
Y70;A53
Y71;A54
Y72;A60
Y73;A590
Y73;N490
Y73;N41
Y74;A561
Y74;N45
Y75;A638
Y75;B374
Y75;N481
D83;K130
D83;K132
D83;K133
D83;K134
D83;K135
D83;K136
D83;K137
D83;K140
D83;K141
D83;K142
D83;K143
D83;K144
D83;K148
D83;K149
D83;K11
D83;K12
D84;K20
D84;K21
D84;K22
D84;K23
D85;K26
F72;H00
F72;H01
D86;E164
D86;K25
D86;K27
D86;K28
D87;K310
D87;K311
D87;K312
D87;K313
D87;K314
D87;K315
D87;K316
D87;K318
D87;K319
D87;K29
D88;K36
D88;K37
D88;K35
D89;K40
D90;K44
D91;K41
D91;K42
D91;K43
D91;K45
D91;K46
D92;K57
D93;K58
D94;K520
D94;K50
D94;K51
B82;D613
B82;D618
B82;D619
B82;D62
B82;D641
B82;D643
B82;D648
B82;D649
B82;D46
B82;D53
B82;D55
B82;D59
B82;D60
B82;D63
B83;D65
B83;D66
B83;D67
B83;D68
B83;D69
B84;D70
B84;D71
B84;R72
B84;D72
B87;R161
B87;R162
B90;B24
B90;R75
B90;Z21
B90;B20
B90;B21
B90;B22
B90;B23
B99;D77
B99;I891
B99;I898
B99;I899
B99;R71
B99;D73
B99;D74
B99;D75
B99;D76
B99;D80
B99;D81
B99;D82
B99;D83
B99;D84
B99;D86
B99;D89
B99;R70
D01;R100
D01;R104
D02;R101
D03;R12
D04;K594
D04;K628
D04;R102
D04;R103
D05;L290
D05;L293
D06;R101
D06;R102
D06;R103
D07;K30
D08;R14
D11;K529
D11;K591
D12;K564
D12;K590
D13;R17
D14;K920
D15;K921
D16;K625
D17;R15
D18;R194
D18;R195
D19;K007
D19;K088
D19;Z463
D20;K131
D20;K137
D20;K145
D20;K146
D20;K148
D20;K149
D20;R196
D20;R682
D21;R13
D23;R160
D23;R162
D24;R190
D25;R190
D26;Z711
D27;Z711
D28;Z736
D29;K038
D29;R11
D29;R18
D29;R191
D29;R192
D29;R193
D29;R198
D70;A00
D70;A01
D70;A02
D70;A03
D70;A04
D70;A05
D70;A06
D70;A07
D70;A08
D71;B26
D72;B15
D72;B16
D72;B17
D72;B18
D72;B19
D73;A09
R24;R042
S20;L84
Y82;Q54
A01;R52
A02;R688
A03;R50
A04;G933
A04;R53
A05;R53
A06;R55
A07;R40
A08;R688
A09;R61
A10;R58
A11;R074
A13;Z711
A16;R681
A18;R468
A20;Z718
A21;Z80
A21;Z85
A23;Z720
A23;Z721
A23;Z722
A23;Z723
A23;Z724
A23;Z725
A23;Z732
A23;Z820
A23;Z821
A23;Z822
A23;Z825
A23;Z826
A23;Z827
A23;Z828
A23;Z860
A23;Z861
A23;Z862
A23;Z863
A23;Z864
A23;Z865
A23;Z866
A23;Z910
A23;Z911
A23;Z912
A23;Z913
A23;Z914
A23;Z915
A23;Z916
A23;Z918
A23;Z20
A23;Z28
A23;Z81
A23;Z83
A23;Z84
A23;Z87
A23;Z88
A23;Z92
A25;Z711
A26;Z711
A27;Z711
A28;Z736
A28;Z990
A28;Z993
A28;Z998
A28;Z999
A28;Z74
A29;R268
A29;R680
A29;R688
A70;N740
A70;N741
A70;A15
A70;A16
A70;A17
A70;A18
A70;A19
A70;B90
D10;F505
D10;R11
A94;P38
A94;P53
A94;P60
A94;P75
A94;P77
A94;P90
A94;P93
A94;P00
A94;P01
A94;P02
A94;P03
A94;P04
A94;P05
A94;P08
A94;P10
A94;P11
A94;P12
A94;P13
A94;P14
A94;P15
A94;P20
A94;P21
A94;P22
A94;P23
A94;P24
A94;P25
A94;P26
A94;P27
A94;P28
A94;P29
A94;P35
A94;P36
A94;P37
A94;P39
A94;P50
A94;P51
A94;P52
A94;P54
A94;P55
A94;P56
A94;P57
A94;P58
A94;P59
A94;P61
A94;P70
A94;P71
A94;P72
A94;P74
A94;P76
A94;P78
A94;P80
A94;P81
A94;P83
A94;P91
A94;P92
A94;P94
A94;P96
A95;P95
A95;R95
A96;R95
A96;R98
A96;R99
A96;R96
A71;B05
A72;B01
A73;B54
A73;B50
A73;B51
A73;B52
A73;B53
A74;B06
A75;B27
A76;A880
A76;B03
A76;B04
A76;B080
A76;B082
A76;B083
A76;B084
A76;B088
A76;B09
A77;A90
A77;A91
A77;A94
A77;A99
A77;B007
A77;B330
A77;B331
A77;B333
A77;B338
A77;A82
A77;A92
A77;A93
A77;A95
A77;A96
A77;A98
A77;B25
A77;B34
A77;B97
A78;A320
A78;A321
A78;A327
A78;A328
A78;A329
A78;A38
A78;A391
A78;A392
A78;A393
A78;A394
A78;A398
A78;A399
A78;A480
A78;A482
A78;A483
A78;A484
A78;A488
A78;A598
A78;A599
A78;A64
A78;A692
A78;A698
A78;A699
A78;A70
A78;A748
A78;A749
A78;B377
A78;B378
A78;B379
A78;B49
A78;B588
A78;B589
A78;B59
A78;B64
A78;B89
A78;B92
A78;B948
A78;B949
A78;B99
A78;K770
A78;A20
A78;A21
A78;A22
A78;A23
A78;A24
A78;A25
A78;A26
A78;A27
A78;A28
A78;A30
A78;A31
A78;A40
A78;A41
A78;A42
A78;A43
A78;A44
A78;A49
A78;A68
A78;A75
A78;A77
A78;A79
A78;B38
A78;B39
A78;B40
A78;B41
A78;B42
A78;B43
A78;B44
A78;B45
A78;B46
A78;B47
A78;B48
A78;B55
A78;B57
A78;B60
A78;B95
A78;B96
A79;C388
A79;C459
A79;C467
A79;C468
A79;C469
A79;C80
A79;C97
A79;D097
A79;D099
A79;C76
A79;C78
A79;C79
A80;S379
A80;S381
L70;M462
L70;M463
L70;M464
L70;M465
L70;M600
L70;M650
L70;M651
L70;M710
L70;M711
L70;M00
L70;M01
L70;M86
L71;C461
L71;C40
L71;C41
L71;C49
L72;S52
L73;S821
L73;S822
L73;S823
L73;S824
L73;S825
L73;S826
L73;S827
L73;S828
L73;S829
L74;S62
L74;S92
L75;S72
L76;S022
L76;S023
L76;S024
L76;S026
L76;S027
L76;S028
L76;S029
L76;S820
L76;T08
L76;T10
L76;T12
L76;T142
L76;S12
L76;S22
L76;S32
L76;S42
L77;S934
L78;S834
L78;S836
L79;S034
L79;S035
L79;S134
L79;S135
L79;S136
L79;S233
L79;S234
L79;S235
L79;S336
L79;S434
L79;S435
L79;S436
L79;S437
L79;S532
L79;S533
L79;S534
L79;S633
L79;S634
L79;S635
L79;S636
L79;S637
L79;S731
L79;S932
L79;S935
L79;S936
L79;T092
L79;T112
L79;T132
L79;T143
L80;M220
L80;M221
L80;S030
L80;S033
L80;S130
L80;S131
L80;S132
L80;S133
L80;S230
L80;S231
L80;S232
L80;S330
L80;S331
L80;S332
L80;S333
L80;S430
L80;S431
L80;S432
L80;S433
L80;S530
L80;S531
L80;S630
L80;S631
L80;S632
L80;S730
L80;S830
L80;S831
L80;S930
L80;S931
L80;S933
L80;T092
L80;T112
L80;T132
L80;T143
L81;M795
L81;S091
L81;S099
L81;S16
L81;S18
L81;S202
L81;S230
L81;S300
L81;S301
L81;S330
L81;S334
L81;S390
L81;S398
L81;S399
L81;S400
L81;S47
L81;S500
L81;S501
L81;S600
L81;S601
L81;S602
L81;S700
L81;S701
L81;S800
L81;S801
L81;S900
L81;T064
L81;T146
L81;S17
L81;S19
L81;S28
L81;S29
L81;S46
L81;S48
L81;S49
L81;S56
L81;S57
L81;S58
L81;S59
L81;S66
L81;S67
L81;S68
L81;S69
L81;S76
L81;S77
L81;S78
L81;S79
L81;S86
L81;S87
L81;S88
L81;S89
L81;S90
L81;S96
L81;S97
L81;S98
L81;S99
L81;T11
L81;T13
L82;Q65
L82;Q66
L82;Q67
L82;Q68
L82;Q69
L82;Q70
L82;Q71
L82;Q72
L82;Q73
L82;Q74
L82;Q75
L82;Q76
L82;Q77
L82;Q78
L82;Q79
L83;M430
L83;M431
L83;M433
L83;M434
L83;M435
L83;M436
L83;M460
L83;M471
L83;M472
L83;M478
L83;M479
L83;M530
L83;M531
L83;M538
L83;M539
L83;M48
L83;M50
L84;M430
L84;M431
L84;M435
L84;M460
L84;M461
L84;M468
L84;M469
L84;M470
L84;M478
L84;M479
L84;M512
L84;M513
L84;M514
L84;M518
L84;M519
L84;M532
L84;M533
L84;M538
L84;M539
L84;S335
L84;S337
L84;M48
L85;M438
L85;M439
L85;M40
L85;M41
L86;M471
L86;M472
L86;M510
L86;M511
L86;M512
L86;M513
L86;M514
L86;M518
L86;M519
L86;M543
L86;M544
L86;G55
L87;M652
L87;M653
L87;M654
L87;M658
L87;M659
L87;M673
L87;M674
L87;M712
L87;M713
L87;M714
L87;M715
L87;M718
L87;M719
L87;M770
L87;M772
L87;M773
L87;M775
L87;M778
L87;M779
L87;M70
L87;M72
L87;M76
L88;M45
L88;M05
L88;M06
L88;M08
L89;M16
R23;R49
L90;M17
L91;M13
L91;M15
L91;M18
L91;M19
L92;M19
L92;M75
L93;M771
L94;M42
L94;M91
L94;M92
L94;M93
L95;M80
L95;M81
L95;M82
L96;S832
L96;S833
L96;S835
L96;S837
L97;D480
L97;D481
L97;D16
L97;D21
L98;M20
L98;M21
L99;M222
L99;M223
L99;M224
L99;M228
L99;M229
L99;M250
L99;M251
L99;M252
L99;M253
L99;M257
L99;M258
L99;M259
L99;M432
L99;M541
L99;M620
L99;M621
L99;M622
L99;M623
L99;M624
L99;M625
L99;M628
L99;M629
L99;M670
L99;M671
L99;M672
L99;M678
L99;M679
L99;M794
L99;M798
L99;T796
L99;Z946
L99;Z981
L99;M02
L99;M03
L99;M07
L99;M09
L99;M11
L99;M12
L99;M14
L99;M23
L99;M24
L99;M32
L99;M33
L99;M34
L99;M35
L99;M36
L99;M49
L99;M61
L99;M63
L99;M66
L99;M68
L99;M72
L99;M73
L99;M84
L99;M85
L99;M87
L99;M88
L99;M89
L99;M90
L99;M94
L99;M95
L99;M99
L99;Z89
N01;G443
N01;G448
N01;R51
D99;K521
D99;K522
D99;K528
D99;K529
D99;K560
D99;K561
D99;K562
D99;K563
D99;K565
D99;K566
D99;K567
D99;K592
D99;K593
D99;K598
D99;K599
D99;K622
D99;K623
D99;K624
D99;K626
D99;K627
D99;K628
D99;K629
D99;K871
D99;K911
D99;K912
D99;K915
D99;K918
D99;K919
D99;K922
D99;K928
D99;K929
D99;Z903
D99;Z904
D99;Z944
D99;Z980
D99;K31
D99;K38
D99;K55
D99;K63
D99;K65
D99;K66
D99;K67
D99;K85
D99;K86
D99;K90
D99;K93
F01;H571
F02;H578
F03;H042
F04;H531
F05;H531
F05;H532
F05;H533
F05;H538
F05;H539
F05;H547
F13;H578
F14;H55
F15;H578
F16;H022
F16;H023
F16;H024
F16;H025
F16;H026
F16;H027
F16;H028
F16;H029
F17;Z460
F18;Z460
F27;Z711
F28;H544
F28;H545
F28;H546
F28;Z736
F29;H578
F29;H579
F70;A740
F70;H100
F70;H102
F70;H103
F70;H104
F70;H105
F70;H108
F70;H109
F70;B30
F70;H13
F71;H101
H86;H910
H86;H912
H86;H913
H86;H918
H86;H919
H86;H90
F73;B005
F73;B580
F73;H043
F73;H044
F73;H050
F73;H051
F73;H161
F73;H162
F73;H163
F73;H164
F73;H168
F73;H169
F73;H440
F73;H441
F73;H03
F73;H20
F73;H21
F73;H22
F73;H30
F73;H32
F74;D092
F74;D487
F74;C69
F74;D31
F75;H113
F75;H578
F75;S001
F75;S051
F76;T15
F79;H161
F79;H446
F79;H447
F79;S002
F79;S011
F79;S050
F79;S052
F79;S053
F79;S054
F79;S055
F79;S056
F79;S057
F79;S058
F79;S059
F79;S099
F79;T26
F80;Q105
F81;Q100
F81;Q101
F81;Q102
F81;Q103
F81;Q104
F81;Q106
F81;Q107
F81;Q11
F81;Q12
F81;Q13
F81;Q14
F81;Q15
F82;H33
F83;H350
F83;H351
F83;H352
F83;H354
F83;H36
F84;H353
F85;H160
F85;H19
F86;B940
F86;A71
F91;H442
F91;H52
F92;H25
F92;H26
F92;H28
F93;H40
F93;H42
F94;H540
F94;H541
F94;H542
F94;H543
F95;H49
F95;H50
F95;H51
F99;H020
F99;H021
F99;H028
F99;H029
F99;H040
F99;H041
F99;H045
F99;H046
F99;H048
F99;H049
F99;H052
F99;H053
F99;H054
F99;H055
F99;H058
F99;H059
F99;H110
F99;H111
F99;H112
F99;H114
F99;H118
F99;H119
F99;H193
F99;H198
F99;H355
F99;H356
F99;H357
F99;H358
F99;H359
F99;H440
F99;H441
F99;H442
F99;H443
F99;H444
F99;H445
F99;H448
F99;H449
F99;H46
F99;H534
F99;H535
F99;H536
F99;H570
F99;H578
F99;Z947
F99;H06
F99;H15
F99;H17
F99;H18
F99;H27
F99;H28
F99;H31
F99;H34
F99;H43
F99;H45
F99;H47
F99;H48
F99;H58
F99;H59
H01;H920
H02;H919
H02;H932
H03;H931
H04;H921
H05;H922
H13;H938
H15;R468
N75;D361
N75;D32
N75;D33
H27;Z711
H28;Z736
H29;H938
H29;H939
H70;H60
H70;H62
H71;H660
H71;H664
H71;H669
H71;H700
H71;H730
H71;H738
H71;H67
H72;H65
H73;H68
H73;H69
H74;H661
H74;H662
H74;H663
H74;H669
H74;H701
H74;H702
H74;H708
H74;H709
H74;H71
H74;H731
H74;H75
H75;C301
H75;C442
H75;C490
H75;C783
H75;D023
H75;D042
H75;D140
H75;D210
H75;D232
H75;D385
H75;D481
H75;D485
H76;T16
H77;H72
H78;S004
H79;S013
H79;S070
H79;S081
H79;S092
H79;S098
H79;S099
H79;T700
H80;Q16
H80;Q17
H81;H612
H82;A881
H82;H82
H82;H830
H82;H831
H82;H832
H82;H81
H83;H80
H84;H911
S18;T091
S18;T111
S18;T131
S18;T141
S18;S11
S18;S21
S18;S41
S18;S51
S18;S61
S18;S71
S18;S81
S18;S91
S19;S000
S19;S007
S19;S008
S19;S009
S19;S101
S19;S107
S19;S108
S19;S109
S19;S201
S19;S203
S19;S204
S19;S207
S19;S208
S19;S307
S19;S308
S19;S309
S19;S407
S19;S408
S19;S409
S19;S507
S19;S508
S19;S509
S19;S607
S19;S608
S19;S609
S19;S707
S19;S708
S19;S709
S19;S807
S19;S808
S19;S809
S19;S907
S19;S908
S19;S909
S19;T090
S19;T110
S19;T140
S19;T13
S21;R234
S22;L601
S22;L604
S22;L605
S22;L609
S22;R683
S22;L62
S23;L63
S23;L64
S23;L65
S23;L66
S24;L67
S24;L68
S26;Z711
S27;Z711
S28;Z736
S29;R233
S29;R238
S70;B02
S71;B000
S71;B001
S71;B002
S71;B008
S71;B009
S72;B86
S72;B880
S72;B882
S73;B881
S73;B883
S73;B888
S73;B889
S73;B85
S73;B87
S74;B35
S74;B36
S75;B372
S76;A46
S76;L031
S76;L032
S76;L033
S76;L038
S76;L039
S76;L980
S76;A66
S76;A67
S76;L08
S77;C460
S77;C43
S77;C44
S78;D17
S79;D485
S79;D03
S79;D04
S79;D23
S80;L55
S80;L56
S80;L57
S80;L58
S80;L59
S81;D18
S82;D22
S83;Q80
S83;Q81
S83;Q82
S83;Q84
S84;L00
S84;L01
S85;L05
S86;L21
S87;L20
T86;E02
T86;E01
T86;E03
S88;L272
S88;L278
S88;L279
S88;L300
S88;L303
S88;L304
S88;L308
S88;L309
S88;L23
S88;L24
S88;L25
S89;L22
S90;L42
S91;L40
S92;L301
S92;L732
S92;L74
S92;L75
S93;L721
S94;L600
S95;B081
S96;L70
S97;I830
S97;I832
S97;L89
S97;L97
S97;L984
S98;L50
S99;L14
S99;L26
S99;L302
S99;L305
S99;L45
S99;L52
S99;L530
S99;L531
S99;L532
S99;L533
S99;L538
S99;L602
S99;L603
S99;L608
S99;L720
S99;L722
S99;L728
S99;L729
S99;L730
S99;L731
S99;L738
S99;L739
S99;L80
S99;L814
S99;L815
S99;L816
S99;L817
S99;L818
S99;L819
S99;L82
S99;L83
S99;L86
S99;L88
S99;L981
S99;L982
S99;L983
S99;L985
S99;L986
S99;L988
S99;L989
S99;Z945
S99;L10
S99;L11
S99;L12
S99;L13
S99;L28
S99;L41
S99;L43
S99;L44
S99;L51
S99;L54
S99;L71
S99;L85
S99;L87
S99;L90
S99;L91
S99;L92
S99;L93
S99;L94
S99;L95
S99;L99
T01;R631
T02;R632
T03;R630
T04;R633
T05;R633
T07;R635
T08;R634
T08;R64
T10;E343
T10;R628
T10;R629
T11;E86
T26;Z711
U29;R398
T27;Z711
T28;Z736
T29;R638
T70;E060
T71;C73
T72;D34
T73;D093
T73;C74
T73;C75
T73;D35
T73;D44
T78;Q892
T80;Q891
T80;Q892
T80;E00
T81;E04
T82;E66
T83;E66
T85;E05
T87;E15
T87;E160
T87;E161
T87;E162
T87;E163
T87;E169
T89;E10
T90;E11
T90;E12
T90;E13
T90;E14
T91;E40
T91;E41
T91;E42
T91;E43
T91;E45
T91;E46
T91;E511
T91;E518
T91;E519
T91;E52
T91;E54
T91;E58
T91;E59
T91;E60
T91;E44
T91;E50
T91;E53
T91;E55
T91;E56
T91;E61
T91;E63
T91;E64
T92;M10
T93;E78
T99;E061
T99;E062
T99;E063
T99;E064
T99;E065
T99;E069
T99;E168
T99;E340
T99;E341
T99;E342
T99;E344
T99;E345
T99;E348
T99;E349
T99;E65
T99;E68
T99;E90
T99;O905
T99;E07
T99;E20
T99;E21
T99;E22
T99;E23
T99;E24
T99;E25
T99;E26
T99;E27
T99;E28
T99;E29
T99;E30
T99;E31
T99;E32
T99;E35
T99;E67
T99;E70
T99;E71
T99;E72
T99;E73
T99;E74
T99;E75
T99;E76
T99;E77
T99;E79
T99;E80
T99;E83
T99;E84
T99;E85
T99;E87
T99;E88
T99;E89
T99;M83
U01;R30
U02;R35
U04;N393
U04;N394
U04;R32
U05;R34
U05;R391
U06;R31
U06;N02
U07;R398
U08;R33
U13;R390
U13;R398
U14;N23
U26;Z711
U27;Z711
U28;Z736
U28;Z992
U70;N10
U70;N12
U70;N151
U70;N159
U70;N11
U71;N390
U71;N30
U72;A560
U72;A562
U72;A590
U72;B374
U72;N34
U75;C64
U75;C65
U76;C67
U77;C66
U77;C68
U78;D30
U79;D090
U79;D091
U79;D41
U80;S370
U80;S371
U80;S372
U80;S373
U80;T190
R76;J038
R76;J039
R76;J36
R77;J050
R77;J385
R77;J04
R78;J22
R78;J40
R78;J20
R78;J21
R79;J42
R79;J41
R80;J101
R80;J108
R80;J111
R80;J118
R81;A481
R81;J100
R81;J110
R81;J13
R81;J14
R81;J12
R81;J15
R81;J16
R81;J17
R81;J18
R82;J90
R82;J91
R82;R091
R82;J94
R83;B371
R83;B583
R83;J051
R83;A36
R83;B44
R83;J31
R83;J37
R83;J85
R83;J86
R84;C33
R84;C457
R84;C34
R85;C12
R85;C140
R85;C142
R85;C300
R85;C381
R85;C382
R85;C383
R85;C384
R85;C450
R85;C457
R85;C09
R85;C10
R85;C11
R85;C13
R85;C31
R85;C32
R85;C39
R86;D140
R86;D141
R86;D142
R86;D143
R86;D144
R86;D190
R87;T17
R88;S003
R88;S012
R88;S031
R88;S099
R88;S100
R88;S170
R88;S198
R88;T701
R88;S27
R88;T27
R89;Q30
R89;Q31
R89;Q32
R89;Q33
R89;Q34
Y76;A630
Y77;C61
Y78;C50
Y78;C60
Y78;C62
Y78;C63
Y79;D074
Y79;D075
Y79;D076
Y79;D24
Y79;D486
Y79;D05
Y79;D29
Y79;D40
Y80;S302
Y80;S312
Y80;S313
Y80;S315
Y80;S380
Y80;S382
Y80;S398
Y80;S399
Y80;T283
Y80;T288
Y80;Z412
Y81;N47
Y83;Q53
Y84;Q55
Y84;Q56
Y84;Q83
Y85;N40
Y86;N430
Y86;N431
Y86;N432
Y86;N433
Y99;A55
Y99;A561
Y99;A563
Y99;A564
Y99;A568
Y99;A57
Y99;A58
Y99;A638
Y99;N420
Y99;N421
Y99;N422
Y99;N428
Y99;N429
Y99;N434
Y99;N44
Y99;N480
Y99;N482
Y99;N485
Y99;N486
Y99;N488
Y99;N489
Y99;N491
Y99;N492
Y99;N498
Y99;N499
Y99;N500
Y99;N501
Y99;N508
Y99;N509
Y99;N648
Y99;N649
Y99;Z907
Y99;N51
Z01;Z595
Z01;Z596
Z01;Z597
Z01;Z598
Z01;Z599
Z02;Z586
Z02;Z594
Z03;Z590
Z03;Z591
Z03;Z592
Z03;Z593
Z03;Z598
Z03;Z599
Z04;Z601
Z04;Z602
Z04;Z603
Z04;Z604
Z04;Z605
Z04;Z608
Z04;Z609
Z05;Z561
Z05;Z562
Z05;Z563
Z05;Z564
Z05;Z565
Z05;Z566
Z05;Z567
Z05;Z57
Z06;Z560
Z07;Z55
Z08;Z597
Z09;Z650
Z09;Z651
Z09;Z652
Z09;Z653
Z10;Z644
Z10;Z75
Z11;Z75
Z12;T740
Z12;T743
Z12;Z630
Z13;Z630
Z14;Z636
Z15;Z634
Z15;Z635
Z16;T740
Z16;T743
Z16;Z638
Z16;Z61
Z16;Z62
Z18;Z636
Z19;Z634
Z20;T740
Z20;Z631
Z20;Z638
Z21;Z631
Z21;Z639
Z22;Z636
Z22;Z637
Z23;Z634
Z24;Z639
Z25;T741
Z25;T742
Z25;T748
Z25;T749
Z25;Z654
Z25;Z655
Z27;Z711
Z28;Z734
Z28;Z736
Z29;Z580
Z29;Z581
Z29;Z582
Z29;Z583
Z29;Z584
Z29;Z585
Z29;Z588
Z29;Z589
Z29;Z632
Z29;Z633
Z29;Z637
Z29;Z638
Z29;Z639
Z29;Z641
Z29;Z658
Z29;Z659
Z29;Z726
Z29;Z728
Z29;Z729
Z29;Z735
Z29;Z738
Z29;Z739
Z29;Z765
W15;Z310
W15;Z311
W15;Z312
W15;Z313
W15;Z314
W15;Z316
W15;Z318
W15;Z319
W15;N97
W17;O72
W18;O909
W19;O925
W19;O926
W19;O927
W21;R468
W27;Z711
W28;Z736
W29;O26
W70;O85
W70;O861
W70;O863
W71;O411
W71;O752
W71;O753
ABP025;Q370
ABP025;Q371
ABP025;Q372
ABP025;Q373
ABP025;Q374
ABP025;Q375
ABP025;Q378
ABP025;Q379
ABP025;Q37
ABP026;K003
ABP025;Q351
ABP025;Q353
ABP025;Q355
ABP025;Q359
ABP025;Q360
ABP025;Q361
ABP025;Q369